Redirect from,Redirect to
/documents/declaration-of-independence.html,/products/declaration-of-independence
/documents/preamble-to-the-constitution.html,/products/preamble-to-the-constitution
/documents/bill-of-rights.html,/products/bill-of-rights
/documents/washingtons-farewell-address.html,/products/washingtons-farewell-address
/documents/gettysburg-address.html,/products/gettysburg-address
/documents/george-washington-after-stuart.html,/products/george-washington-after-stuart
/documents/benjamin-franklin-after-duplessis.html,/products/benjamin-franklin-after-duplessis
/documents/thomas-jefferson-after-stuart.html,/products/thomas-jefferson-after-stuart
/documents/alexander-hamilton-after-trumbull.html,/products/alexander-hamilton-after-trumbull
/documents/abraham-lincoln-after-healy.html,/products/abraham-lincoln-after-healy
/documents/well-done-is-better-than-well-said.html,/products/well-done-is-better-than-well-said
/documents/facts-are-stubborn-things.html,/products/facts-are-stubborn-things
/documents/with-malice-toward-none.html,/products/with-malice-toward-none
/documents/a-house-divided.html,/products/a-house-divided
/documents/the-thirteen-colonies-1776.html,/products/the-thirteen-colonies-1776
/documents/plan-of-the-city-of-washington.html,/products/plan-of-the-city-of-washington
/documents/texas-declaration-of-independence.html,/products/texas-declaration-of-independence
/documents/the-republic-of-texas-after-emory.html,/products/the-republic-of-texas-after-emory
/documents/the-revolution-1765-to-1789.html,/products/the-revolution-1765-to-1789
/documents/the-beatitudes.html,/products/the-beatitudes
/documents/what-is-a-man-profited.html,/products/what-is-a-man-profited
/documents/the-odyssey.html,/products/the-odyssey
/documents/our-heart-is-restless.html,/products/our-heart-is-restless
/documents/midway-upon-the-journey.html,/products/midway-upon-the-journey
/documents/founding-documents-set.html,/products/founding-documents-set
/documents/the-founders-set.html,/products/the-founders-set
/documents/the-texas-set.html,/products/the-texas-set
/documents/the-western-canon-set.html,/products/the-western-canon-set
/classroom.html,/collections/sets
/press.html,/pages/the-press
/journal/,/
